total_usage,high_pred
398,811.6850000000001
552,505.35916666666674
352,363.4716666666667
516,351.25166666666667
430,468.9916666666667
334,657.485
336,345.34749999999997
340,345.34749999999997
